286261504	0x11100100	INFO_VIN
286261506	0x11100102	INFO_MODEL
287310600	0x11200308	FUEL_DOOR_OPEN
287310850	0x11200402	PARKING_BRAKE_ON
287310855	0x11200407	NIGHT_MODE
287312709	0x11200b45	MIRROR_FOLD
289408000	0x11400400	GEAR_SELECTION
289408001	0x11400401	CURRENT_GEAR
289408008	0x11400408	TURN_SIGNAL_STATE
289408009	0x11400409	IGNITION_STATE
289408270	0x1140050e	HVAC_TEMPERATURE_DISPLAY_UNITS
289408512	0x11400600	DISTANCE_DISPLAY_UNITS
289408514	0x11400602	TIRE_PRESSURE_DISPLAY_UNITS
289408517	0x11400605	VEHICLE_SPEED_DISPLAY_UNITS
289410560	0x11400e00	HEADLIGHTS_STATE
289410562	0x11400e02	FOG_LIGHTS_STATE
289410578	0x11400e12	FOG_LIGHTS_SWITCH
291504388	0x11600104	INFO_FUEL_CAPACITY
291504390	0x11600106	INFO_EV_BATTERY_CAPACITY
291504644	0x11600204	PERF_ODOMETER
291504647	0x11600207	PERF_VEHICLE_SPEED
291504648	0x11600208	PERF_VEHICLE_SPEED_DISPLAY
291504904	0x11600308	RANGE_REMAINING
291504905	0x11600309	EV_BATTERY_LEVEL
299896583	0x11e00f07	INITIAL_USER_INFO
299896584	0x11e00f08	SWITCH_USER
299896585	0x11e00f09	CREATE_USER
299896586	0x11e00f0a	REMOVE_USER
299896587	0x11e00f0b	USER_IDENTIFICATION_ASSOCIATION
320865556	0x13200514	HVAC_ELECTRIC_DEFROSTER_ON
322964416	0x13400bc0	WINDOW_POS
322964417	0x13400bc1	WINDOW_MOVE
354419973	0x15200505	HVAC_AC_ON
354419974	0x15200506	HVAC_MAX_AC_ON
354419975	0x15200507	HVAC_MAX_DEFROST_ON
354419976	0x15200508	HVAC_RECIRC_ON
354419978	0x1520050a	HVAC_AUTO_ON
354419984	0x15200510	HVAC_POWER_ON
356516106	0x1540010a	INFO_DRIVER_SEAT
356517120	0x15400500	HVAC_FAN_SPEED
356517121	0x15400501	HVAC_FAN_DIRECTION
356517139	0x15400513	HVAC_SEAT_VENTILATION
356518789	0x15400b85	SEAT_FORE_AFT_POS
356518790	0x15400b86	SEAT_FORE_AFT_MOVE
356518791	0x15400b87	SEAT_BACKREST_ANGLE_1_POS
356518792	0x15400b88	SEAT_BACKREST_ANGLE_1_MOVE
356518795	0x15400b8b	SEAT_HEIGHT_POS
356518796	0x15400b8c	SEAT_HEIGHT_MOVE
356519684	0x15400f04	READING_LIGHTS_SWITCH
358614275	0x15600503	HVAC_TEMPERATURE_SET
373295873	0x16400b01	DOOR_MOVE
392168201	0x17600309	TIRE_PRESSURE
554726336	0x211073c0	DEVICE_IHUID
554726337	0x211073c1	DEVICE_XDSN
554726338	0x211073c2	DEVICE_VER_MCU_FIRMWARE
554726339	0x211073c3	DEVICE_VER_MCU_HARDWARE
554726347	0x211073cb	DEVICE_VEHICLE_TYPE_CONFIG
554726387	0x211073f3	INIT_PROFILE_INFO
554726524	0x2110747c	PN_MASTER_CP
554726526	0x2110747e	PN_MCU
554726624	0x211074e0	DEVICE_PROJECT_CODE
554726625	0x211074e1	DEVICE_SUPPLIER_CODE
554727005	0x2110765d	CONFIG_INFO_TARGET_MARKET
554729493	0x21108015	PA_VIN_V
554729494	0x21108016	PA_VP_V
554729503	0x2110801f	PA_M
555773958	0x21207006	SETTING_FUNC_ESC_SPORT_MODE
555773968	0x21207010	SETTING_FUNC_LAMP_AUTOMATIC_COURTESY_LIGHT
555773971	0x21207013	SETTING_FUNC_LAMP_APPROACH_LIGHT
555773976	0x21207018	SETTING_FUNC_AUTO_HOLD
555773978	0x2120701a	SETTING_FUNC_PBC_DOUBLE_EPB_SWITCH
555773983	0x2120701f	SETTING_FUNC_AUTO_CLOSE_WINDOW
555774010	0x2120703a	SETTING_FUNC_AUDIBLE_LOCKING_FEEDBACK
555774016	0x21207040	SETTING_FUNC_CENTRAL_LOCK
555774017	0x21207041	SETTING_FUNC_TWOSTEP_UNLOCKING
555774018	0x21207042	SETTING_FUNC_HUD_ACTIVE
555774019	0x21207043	SETTING_FUNC_HUD_CALIBRATION
555774022	0x21207046	SETTING_FUNC_CAR_LOCATOR
555774027	0x2120704b	SETTING_FUNC_TCAM_RESET
555774215	0x21207107	DM_FUNC_STEERING_WHEEL_FEEL_SYNC_DRIVEMODE
555774308	0x21207164	BCM_FUNC_LIGHT_ATMOSPHERE_LAMPS
555774319	0x2120716f	BCM_FUNC_POWER_ONOFF
555774320	0x21207170	BCM_FUNC_DISPLAY_ONOFF
555774324	0x21207174	HYBRID_FUNC_BATTERY_SAVE_MODE
555774325	0x21207175	HYBRID_FUNC_BATTERY_CHARGE_MODE
555774332	0x2120717c	SETTING_FUNC_HDC_SWITCH
555774333	0x2120717d	SETTING_FUNC_LANE_KEEPING_AID
555774339	0x21207183	SETTING_FUNC_EMGY_LANE_KEEP_AID
555774343	0x21207187	SETTING_FUNC_REAR_CROSS_TRAFFIC_ALERT
555774347	0x2120718b	SETTING_FUNC_AUTONOMOUS_EMERGENCY_BRAKING
555774349	0x2120718d	SETTING_FUNC_REAR_COLLISION_WARNING
555774415	0x212071cf	SETTING_FUNC_AMBIENCE_LIGHT_ENDURANCE_MIL_REMINDER
555774416	0x212071d0	SETTING_FUNC_AMBIENCE_LIGHT_PHONE_CALL_REMINDER
555774419	0x212071d3	SETTING_FUNC_AMBIENCE_LIGHT_WELCOME_SHOW_MODE
555774422	0x212071d6	SETTING_FUNC_AMBIENCE_LIGHT_VOICE
555774432	0x212071e0	SETTING_FUNC_AMBIENCE_LIGHT_CLIMATE
555774447	0x212071ef	SETTING_FUNC_BACKLIGHT_LINKAGE
555774475	0x2120720b	SETTING_FUNC_HUD_ANGLE_ADJUST
555774476	0x2120720c	SETTING_FUNC_HUD_ANGLE_RESET
555774477	0x2120720d	SETTING_FUNC_HUD_SNOW_MODE
555774478	0x2120720e	SETTING_FUNC_HUD_AR_ENGINE
555774547	0x21207253	SETTING_FUNC_APPROACH_UNLOCK
555774549	0x21207255	SETTING_FUNC_AWAY_LOCK
555774588	0x2120727c	CHARGE_FUNC_EXTERNAL_CHARGING_LIGHT
555774593	0x21207281	CHARGE_FUNC_DISCHARGING_SWITCH_V2V
555774594	0x21207282	CHARGE_FUNC_DISCHARGING_SWITCH_V2L
555774632	0x212072a8	TRIP_FUNC_RESET
555774649	0x212072b9	SCENE_FUNC_NAP_MODE
555774779	0x2120733b	DRIVE_MODE_SELECTION_PURE
555774780	0x2120733c	DRIVE_MODE_SELECTION_HYBRID
555774781	0x2120733d	DRIVE_MODE_SELECTION_POWER
555774795	0x2120734b	LAMP_EXTERIOR_LIGHT_CONTROL_POS_LIGHT
555774796	0x2120734c	LAMP_EXTERIOR_LIGHT_CONTROL_LOWBEAM
555774797	0x2120734d	LAMP_EXTERIOR_LIGHT_CONTROL_AUTOMATIC
555774809	0x21207359	CHARGE_FUNC_PARKING
555774838	0x21207376	CHARGE_FUNC_PRE_CHARGING_IMMEDIATELY
555774879	0x2120739f	BCM_FUNC_POWER_OFF_NOTICE
555774882	0x212073a2	SETTING_FUNC_CST_SWITCH
555774907	0x212073bb	LAMP_EXTERIOR_LIGHT_CONTROL_OFF
555775000	0x21207418	SETTING_FUNC_AUDIO_2D_SURROUND_SHOUND_EFFECT_SWITCH
555775007	0x2120741f	SETTING_FUNC_AUDIO_HEAD_PILLOW
555775043	0x21207443	TYPE_JOY_LIMIT_SWITCH
555775103	0x2120747f	SETTING_FUNC_BRIGHTNESS_AUTO_ADJUST
555775117	0x2120748d	SETTING_FUNC_STEERING_ASSISTANCE_LEVEL_HEAVY
555775118	0x2120748e	SETTING_FUNC_STEERING_ASSISTANCE_LEVEL_MEDIUM
555775119	0x2120748f	SETTING_FUNC_STEERING_ASSISTANCE_LEVEL_SOFT
555775143	0x212074a7	PROFILE_DRVR_SEAT_ADJUST
555775147	0x212074ab	PROFILE_HUD_ADJUST
555775202	0x212074e2	CHARGE_FUNC_DISCHARGING_NOTIFICATION_FINISHED
555775237	0x21207505	DMS_DPS_SWITCH
555775251	0x21207513	SETTING_SPACE_CAPSULE_SWITCH
555775270	0x21207526	SETTING_FUNC_AUDIO_KTV_MODE
555775354	0x2120757a	HVAC_FUNC_AUTO_STATUS
555775368	0x21207588	SETTING_FUNC_HUD_LYRICS_DISPLAY_SWITCH
555775432	0x212075c8	HVAC_FUNC_AUTO_DRY
555775495	0x21207607	SETTING_FUNC_WADING_PROTECTION_SWITCH
555775497	0x21207609	SETTING_FUNC_ONE_CLICK_TRAILER
555775498	0x2120760a	SETTING_FUNC_ONE_CLICK_TRAILER_POP
555775507	0x21207613	CHARGE_FUNC_DISCHARGING_ENGINE_SWITCH
555775508	0x21207614	SETTING_FUNC_INTELLIGENT_STEERING_SWITCH
555775523	0x21207623	SETTING_FUNC_AUTO_SHOW_MODE_HVAC_CONTROL
555775526	0x21207626	SCENE_FUNC_PARKING_COMFORT_SWITCH
555775556	0x21207644	SETTING_FUNC_FCDA_STATUS
555775561	0x21207649	SETTING_FUNC_AUDIO_OPEN_DOOR_SUPPRESS_MEDIA_SOUND_SWITCH
555775562	0x2120764a	SETTING_FUNC_NIGHTMODE
555775567	0x2120764f	KEY_FUNC_REQUEST_SEARCH_KEY
555775569	0x21207651	SETTING_FUNC_BOOT_COMPLETED
555775584	0x21207660	SETTING_FUNC_TCAM_IPACTIVITY_STATUS
555775586	0x21207662	RESET_FACTORY_TRIGGER
555775591	0x21207667	SETTING_FUNC_PANORAMIC_SOUND
555775597	0x2120766d	SETTING_FUNC_CAR_LOCATOR_BEFORE_HIBERNATE
555775600	0x21207670	BUSINESS_SERVICES_STATUS
555775604	0x21207674	HVAC_PREVENTS_ICING
555775605	0x21207675	HVAC_PREVENTS_COLD
555775606	0x21207676	HVAC_PREVENTS_HEAT
555775607	0x21207677	HVAC_RAPID_COOLING
555775608	0x21207678	HVAC_RAPID_HEATING
555775617	0x21207681	FILL_LIGHT_REQ
555775622	0x21207686	SETTING_FUNC_AUDIO_EOC_ACTIVE_SWITCH
557871112	0x21407008	SETTING_FUNC_ENERGY_REGENERATION
557871121	0x21407011	SETTING_FUNC_LAMP_HOME_SAFE_LIGHT
557871126	0x21407016	SETTING_FUNC_LAMP_EXTERIOR_LIGHT_CONTROL
557871143	0x21407027	SETTING_FUNC_AMBIENCE_LIGHT_MAINCOLOR
557871163	0x2140703b	SETTING_FUNC_KEYLESS_UNLOCKING
557871177	0x21407049	SETTING_FUNC_CAR_LOCATOR_REMINDER_MODE
557871187	0x21407053	SETTING_FUNC_ESM_VOLUME
557871196	0x2140705c	SETTING_FUNC_PCM_TIMER
557871201	0x21407061	SETTING_FUNC_SOUND_WARNING_VOLUME
557871353	0x214070f9	DM_FUNC_DRIVE_MODE_SELECT
557871433	0x21407149	PAS_FUNC_RCTA_WARNING_VOLUME
557871473	0x21407171	BCM_FUNC_CUSTOM_KEY
557871489	0x21407181	SETTING_FUNC_LANE_CHANGE_WARNING_MODE
557871490	0x21407182	SETTING_FUNC_LANE_KEEPING_AID_WARNING
557871493	0x21407185	SETTING_FUNC_STEERING_ASSISTANCE_LEVEL
557871505	0x21407191	SETTING_FUNC_FORWARD_COLLISION_WARN_SNVTY
557871516	0x2140719c	SETTING_FUNC_SPEED_LIMIT_WARNING_MODE
557871572	0x214071d4	SETTING_FUNC_AMBIENCE_LIGHT_MUSIC_SHOW_MODE
557871592	0x214071e8	SETTING_FUNC_DAYMODE_SETTING
557871594	0x214071ea	SETTING_FUNC_BRIGHTNESS_DAY
557871595	0x214071eb	SETTING_FUNC_BRIGHTNESS_NIGHT
557871596	0x214071ec	SETTING_FUNC_BRIGHTNESS_MAX
557871597	0x214071ed	SETTING_FUNC_BRIGHTNESS_MIN
557871598	0x214071ee	SETTING_FUNC_BRIGHTNESS_STEP
557871600	0x214071f0	SETTING_FUNC_BRIGHTNESS_BACKLIGHT
557871601	0x214071f1	SETTING_FUNC_BRIGHTNESS_BACKLIGHT_MAX
557871602	0x214071f2	SETTING_FUNC_BRIGHTNESS_BACKLIGHT_MIN
557871604	0x214071f4	SETTING_FUNC_BRIGHTNESS_DIM
557871617	0x21407201	SETTING_FUNC_CUSTOM_DAY_TIME
557871618	0x21407202	SETTING_FUNC_CUSTOM_NIGHT_TIME
557871620	0x21407204	SETTING_FUNC_SUN_TIME
557871648	0x21407220	SETTING_FUNC_LAMP_LOW_BEAM_VERTICAL_LEVEL
557871656	0x21407228	SETTING_FUNC_EASY_INGRESS_EGRESS_MODE
557871753	0x21407289	CHARGE_FUNC_CHARGING_PLUG_STATE
557871782	0x214072a6	CHARGE_FUNC_CHARGE_PHEV_BATTERY_COLOR
557871785	0x214072a9	TRIP_FUNC_AUTO_RESET_OPTION
557871843	0x214072e3	SENSOR_TYPE_CAR_MODE
557871864	0x214072f8	SENSOR_TYPE_WARN_EV_BATTERY_LOW
557871924	0x21407334	DEVICE_MODE_ENTERTAINMENT
557871925	0x21407335	DEVICE_MODE_INFOTAINMENT
557871953	0x21407351	SETTING_FUNC_DRIVE_MODE_AUDIO_FEEDBACK
557871977	0x21407369	SETTING_FUNC_AUDIO_FREQENCY_LOW
557871978	0x2140736a	SETTING_FUNC_AUDIO_FREQENCY_MID
557871979	0x2140736b	SETTING_FUNC_AUDIO_FREQENCY_HIGH
557871998	0x2140737e	CHARGE_FUNC_CHARGING_DISCHARGING_STATE
557872029	0x2140739d	FUNC_UNIT_TIME_INDICATION
557872032	0x214073a0	FUNC_UNIT_LANGUAGE
557872060	0x214073bc	BCM_FUNC_TRUNK_DOOR_STATUS
557872077	0x214073cd	SETTING_INTELLIGENT_DRIVING_ASSISTANCE_MODE
557872150	0x21407416	SETTING_FUNC_AUDIO_COMPENSATION_LEVEL
557872151	0x21407417	SETTING_FUNC_AUDIO_SEAT_SOUND_OPTIMIZE
557872154	0x2140741a	SETTING_FUNC_AUDIO_SOUND_OPTIMIZE_BALANCE
557872155	0x2140741b	SETTING_FUNC_AUDIO_SOUND_OPTIMIZE_FADER
557872156	0x2140741c	SETTING_FUNC_SOFT_BUTTON_SOUND_TYPE
557872158	0x2140741e	SETTING_FUNC_AUDIO_NAVI_MIX_MODE
557872160	0x21407420	SETTING_FUNC_AUDIO_HEAD_PILLOW_AUTO_MODE
557872161	0x21407421	SETTING_FUNC_VOICE_BROADCAST_MODE
557872165	0x21407425	SETTING_FUNC_HUD_DIAGNOSIS_ID
557872167	0x21407427	SETTING_FUNC_SPEED_WARNING_MAX
557872172	0x2140742c	TYPE_JOY_LIMIT_STATE
557872178	0x21407432	WHEEL_HARD_KEY_TOP
557872179	0x21407433	WHEEL_HARD_KEY_LEFT
557872180	0x21407434	WHEEL_HARD_KEY_RIGHT
557872181	0x21407435	WHEEL_HARD_KEY_BOTTOM
557872182	0x21407436	WHEEL_HARD_KEY_VR
557872183	0x21407437	WHEEL_HARD_KEY_CUSTOM
557872184	0x21407438	WHEEL_HARD_KEY_MENU
557872185	0x21407439	WHEEL_HARD_KEY_CONFIRM
557872190	0x2140743e	SETTING_FUNC_HUD_POSITION_TRANSMIT
557872191	0x2140743f	SETTING_FUNC_HUD_BRIGHTNESS_TRANSMIT
557872211	0x21407453	SETTING_FUNC_AUTO_SHOW_MODE_ENTER_CONDITIONS
557872212	0x21407454	SETTING_FUNC_AUTO_SHOW_MODE
557872221	0x2140745d	CURRENT_PROFILE_ID
557872237	0x2140746d	SUSPENSION_HEIGHT_ADJUST_LEVEL_HIGH_1
557872247	0x21407477	SETTING_FUNC_DIM_DISPLAY_MODE
557872274	0x21407492	BCM_FUNC_RESET_FACTORY_STATE
557872369	0x214074f1	SENSOR_ACDC_COVER
557872370	0x214074f2	SENSOR_FUEL_FILLER_CAP
557872374	0x214074f6	REVERSE_LIGHT_STATE
557872376	0x214074f8	FRONT_POSTITION_STATUS
557872377	0x214074f9	AFTER_POSTITION_STATUS
557872378	0x214074fa	DAYTIME_LIGHT_STATUS
557872382	0x214074fe	DOUBLE_FLASH
557872386	0x21407502	SETTING_BRAKE_PEDAL_STATUS
557872400	0x21407510	PARKING_COMFORT_MODE_DOOR_NOTICE
557872412	0x2140751c	SENSOR_TYPE_USG_MODE
557872429	0x2140752d	CUSTOM_KEY_TYPE_NONE
557872430	0x2140752e	CUSTOM_KEY_TYPE_360_PANORAMA
557872433	0x21407531	CUSTOM_KEY_TYPE_UNLOCK_TRUNK
557872434	0x21407532	CUSTOM_KEY_TYPE_CHANGE_DVRMOD
557872436	0x21407534	CUSTOM_KEY_TYPE_SOUND_SWITCH
557872437	0x21407535	CUSTOM_KEY_TYPE_REAR_MIRROR_ADJUST
557872439	0x21407537	VR_ACTIVATED
557872472	0x21407558	SETTING_FUNC_SCENE_MODE_DIM_BRIGHTNESS_STATE
557872473	0x21407559	SETTING_FUNC_AUDIO_FOCUS_CAN_BE_OCCUPIED
557872474	0x2140755a	SETTING_FUNC_TCAM_RESET_STATE
557872475	0x2140755b	DIAG_AVAS_AUDIO_OUTPUT
557872485	0x21407565	WHEEL_HARD_KEY_MUTE
557872488	0x21407568	SETTING_FUNC_FAULT_ALARM_ZONE_A
557872489	0x21407569	SETTING_FUNC_FAULT_ALARM_ZONE_B
557872496	0x21407570	SETTING_FUNC_AUDIO_WARNING_RING_STATE
557872562	0x214075b2	TYPE_FUEL_WARNING_COLOR
557872564	0x214075b4	HYBRID_FUNC_BATTERY_MODE
557872575	0x214075bf	FACTORY_DIAGNOSIS_6058_PRIVACY
557872576	0x214075c0	FACTORY_DIAGNOSIS_7023_CAR_DATA
557872583	0x214075c7	BCM_FUNC_RAIN_SENSOR_SENSITIVITY_VALUE
557872629	0x214075f5	FUNC_UNIT_AVG_FUEL
557872648	0x21407608	SETTING_FUNC_WADING_PROTECTION_NOTITYPE
557872674	0x21407622	SETTING_FUNC_ESM_SOUND_TYPE
557872680	0x21407628	SETTING_FUNC_USB_SWITCH
557872707	0x21407643	SETTING_FUNC_HUD_DISPLAY_MODE
557872710	0x21407646	POWER_OTA_UPDATE
557872715	0x2140764b	EVENT_FUNC_AUDIO_SOURCE_TYPE
557872717	0x2140764d	EHP_V2_STATUS
557872718	0x2140764e	TRANSMIT_USAGE_MODE
557872720	0x21407650	KEY_FUNC_KEY_SEARCHING_STATE
557872725	0x21407655	SETTING_FUNC_WLANWORK_SHOP_MODE
557872734	0x2140765e	SETTING_FUNC_SPEED_LIMIT_UPDATE_REMINDER
557872737	0x21407661	SETTING_FUNC_STR_SWITCH
557872744	0x21407668	SETTING_FUNC_UNIT_DATE_INDICATION
557872745	0x21407669	SETTING_FUNC_RVS_SWITCH
557872746	0x2140766a	POWER_XCALLSTATUS_UPDATE
557872747	0x2140766b	CHARGE_FUNC_AC_CHARGING
557872748	0x2140766c	CHARGE_FUNC_DC_CHARGING
557872750	0x2140766e	SETTING_FUNC_TCAM_LOG_ACTION
557872761	0x21407679	SETTING_FUNC_AMBIENCE_RHYTHM_RATE
557872767	0x2140767f	TYPE_ENGINE_OIL_DURATION
557872770	0x21407682	DID_DAY_VALUE
557872771	0x21407683	DID_NIGHT_VALUE
557872775	0x21407687	CSD_BRIGHTNESS_MAX_PWM
557872777	0x21407689	SETTING_FUNC_AUDIO_MEDIA_VOLUME
557872783	0x2140768f	SETTING_FUNC_OTA_WIFI_CONNECT_CONTINUE
557875201	0x21408001	CB_P
557875202	0x21408002	CB_P
557875203	0x21408003	CB_P
557875204	0x21408004	CB_P
557875205	0x21408005	CB_P
557875206	0x21408006	CB_P
557875207	0x21408007	CB_P
557875208	0x21408008	CB_P
557875209	0x21408009	CB_P
557875210	0x2140800a	CB_P
557875211	0x2140800b	CB_P
557875212	0x2140800c	CB_P
557875213	0x2140800d	CB_P
557875214	0x2140800e	CB_P
557875215	0x2140800f	CB_P
557875216	0x21408010	CB_P
557875217	0x21408011	CB_VFC_IPW
557875218	0x21408012	PA_VFC_IPW
557875219	0x21408013	CB_VFC_S
557875220	0x21408014	PA_VFC_S
557875223	0x21408017	PA_VIND
557875224	0x21408018	CB_S
557875225	0x21408019	CB_S
557875226	0x2140801a	CB_S
557875227	0x2140801b	CB_S
557875228	0x2140801c	CB_S
557875229	0x2140801d	CB_S
557875230	0x2140801e	CB_S
557875232	0x21408020	CB_L
557875233	0x21408021	B
557875234	0x21408022	CB_AR_W
557875235	0x21408023	D
557875236	0x21408024	H
557875240	0x21408028	T
557875241	0x21408029	T
557875242	0x2140802a	T
557875243	0x2140802b	T
557875244	0x2140802c	T
557875245	0x2140802d	T
557875246	0x2140802e	T
557875247	0x2140802f	V
557875248	0x21408030	V
557875249	0x21408031	V
557875250	0x21408032	V
557875251	0x21408033	L
557875252	0x21408034	L
557875254	0x21408036	S
557875255	0x21408037	ADC
557875256	0x21408038	D
557875263	0x2140803f	S
557875264	0x21408040	D
557875265	0x21408041	D
557875269	0x21408045	C
557875270	0x21408046	V
557875271	0x21408047	C
557875272	0x21408048	CB_AR_E
557875273	0x21408049	S
557875274	0x2140804a	V
557875275	0x2140804b	V
557875277	0x2140804d	P
557875278	0x2140804e	O
557875279	0x2140804f	C
557875280	0x21408050	P
557875281	0x21408051	IHU
557875282	0x21408052	P
557875283	0x21408053	V
557875284	0x21408054	S
557875285	0x21408055	D
557875286	0x21408056	V
557875288	0x21408058	M
557875289	0x21408059	C
557875290	0x2140805a	F
557875292	0x2140805c	V
557875293	0x2140805d	G
557875294	0x2140805e	T
557875295	0x2140805f	T
557875296	0x21408060	T
557875297	0x21408061	F
557875298	0x21408062	V
557875299	0x21408063	T
557875300	0x21408064	S
557875301	0x21408065	T
557875302	0x21408066	O
557875303	0x21408067	P
557875304	0x21408068	P
557875305	0x21408069	D
557875306	0x2140806a	P
557875307	0x2140806b	P
557875308	0x2140806c	R
557875309	0x2140806d	R
557875310	0x2140806e	R
557875311	0x2140806f	R
557875312	0x21408070	R
557875313	0x21408071	R
557875314	0x21408072	P
557875315	0x21408073	A
557875316	0x21408074	S
557875317	0x21408075	I
557875318	0x21408076	I
557875319	0x21408077	I
557875320	0x21408078	I
557875322	0x2140807a	LSDAF
557875323	0x2140807b	O
557875324	0x2140807c	I
557875325	0x2140807d	I
557875326	0x2140807e	O
557875327	0x2140807f	V
557875328	0x21408080	CB_C
557875330	0x21408082	O
557875331	0x21408083	O
557875332	0x21408084	O
557875333	0x21408085	S
557875334	0x21408086	I
557875335	0x21408087	I
557875336	0x21408088	I
557875337	0x21408089	I
557875338	0x2140808a	I
557875339	0x2140808b	P
557875340	0x2140808c	PA_C
557875341	0x2140808d	A
557875342	0x2140808e	A
557875343	0x2140808f	A
557875344	0x21408090	A
557875345	0x21408091	A
557875346	0x21408092	A
557875347	0x21408093	A
557875348	0x21408094	A
557875349	0x21408095	C
557875350	0x21408096	A
557875351	0x21408097	A
557875352	0x21408098	C
557875353	0x21408099	A
557875354	0x2140809a	D
557875355	0x2140809b	P
557875356	0x2140809c	P
557875357	0x2140809d	P
557875358	0x2140809e	D
557875359	0x2140809f	P
557875360	0x214080a0	R
557875361	0x214080a1	N
557875362	0x214080a2	A
557875363	0x214080a3	H
557875372	0x214080ac	V
557875373	0x214080ad	TBAF
557937614	0x214173ce	NOTIFY_INFO
557937827	0x214174a3	PAS_FUNC_HPA_CAR_CONFIG_HMI_CAR_STATE
557938094	0x214175ae	FUNC_FAN_TEMPERATURE
557938247	0x21417647	SETTING_FUNC_FAULT_ALARM_LIST
557938252	0x2141764c	HVAC_FUNC_CLIAMTE_EVENT
557938298	0x2141767a	SETTING_FUNC_AMBIENCE_MODE_COLOR
557938309	0x21417685	SETTING_FUNC_BRIGHTNESS_DIM_WITH_FLAG
558920548	0x21507364	CHARGE_FUNC_CHARGING_WORK_TIME
558921308	0x2150765c	SETTING_FUNC_PCM_TIMER_TIME_STAMP
559968630	0x21607176	HYBRID_FUNC_BATTERY_SOC
559968879	0x2160726f	CHARGE_FUNC_CHARGING_SOC_MAX
559968880	0x21607270	CHARGE_FUNC_CHARGING_SOC_MIN
559968881	0x21607271	CHARGE_FUNC_CHARGING_SOC_STEP
559968882	0x21607272	CHARGE_FUNC_CHARGING_CURRENT
559968883	0x21607273	CHARGE_FUNC_CHARGING_CURRENT_MAX
559968884	0x21607274	CHARGE_FUNC_CHARGING_CURRENT_MIN
559968885	0x21607275	CHARGE_FUNC_CHARGING_CURRENT_STEP
559968899	0x21607283	CHARGE_FUNC_DISCHARGING_SOC
559968907	0x2160728b	CHARGE_FUNC_CHARGING_WORK_VOLTAGE
559968908	0x2160728c	CHARGE_FUNC_CHARGING_WORK_CURRENT
559968909	0x2160728d	CHARGE_FUNC_CHARGING_ESTIMATED_TIME
559968910	0x2160728e	CHARGE_FUNC_CHARGING_SPEED
559968911	0x2160728f	CHARGE_FUNC_CHARGING_ENERGY
559968912	0x21607290	CHARGE_FUNC_DISCHARGING_WORK_VOLTAGE
559968913	0x21607291	CHARGE_FUNC_DISCHARGING_WORK_CURRENT
559968915	0x21607293	CHARGE_FUNC_DISCHARGING_ENETGY
559968972	0x216072cc	SENSOR_TYPE_TEMPERATURE_AMBIENT
559968973	0x216072cd	SENSOR_TYPE_TEMPERATURE_INDOOR
559968985	0x216072d9	SENSOR_TYPE_ENDURANCE_MILEAGE_FUEL
559968986	0x216072da	SENSOR_TYPE_ENDURANCE_MILEAGE_EV
559969034	0x2160730a	TYPE_MAINTENANCE_MILEAGE
559969035	0x2160730b	TYPE_MAINTENANCE_TIME
559969038	0x2160730e	TYPE_EV_BATTERY_PERCENTAGE
559969039	0x2160730f	TYPE_CHARGING_ENDURANCE_MILEAGE
559969040	0x21607310	TYPE_DISCHARGING_ENDURANCE_MILEAGE
559969043	0x21607313	TYPE_FUEL_PERCENTAGE
559969107	0x21607353	CHARGE_FUNC_DISTANCE_PROTECTION
559969117	0x2160735d	CHARGE_FUNC_DC_CHARGING_POWER
559969123	0x21607363	CHARGE_FUNC_BATTERY_CHARGING_CURRENT_POWER
559969126	0x21607366	CHARGE_FUNC_BATTERY_DISCHARGING_CURRENT_POWER
559969147	0x2160737b	CHARGE_FUNC_DISCHARGING_WORK_TOTAL
559969301	0x21607415	SETTING_FUNC_HUD_ANGLE_TRANSMIT
559969341	0x2160743d	SENSOR_TYPE_TEMPERATURE_GYROSCOPE
559969513	0x216074e9	TRIP_ED_DRIVING_ENERGY_FLOW
559969514	0x216074ea	TRIP_ED_CLIMATE_ENERGY_FLOW
559969515	0x216074eb	TRIP_ED_BATTERY_ENERGY_FLOW
559969516	0x216074ec	TRIP_ED_OTHER_ENERGY_FLOW
559969630	0x2160755e	TRIP_DOT_INTERVAL
559969814	0x21607616	TRIP_DOT_INTERVAL1
559969834	0x2160762a	SETTING_FUNC_ESTIMD_PWR_SAVE
559969835	0x2160762b	SETTING_FUNC_TOT_PWR_SAVE
559969875	0x21607653	SENSOR_TYPE_EV_BATTERY_TEMP
559969887	0x2160765f	TRIP_DI_AVG_ELC_CONSUMPTION
559969915	0x2160767b	TYPE_SINCE_MAINTENANCE_TOTAL_MILEAGE
559969916	0x2160767c	TYPE_SINCE_MAINTENANCE_EV_MILEAGE
559969917	0x2160767d	TYPE_SINCE_MAINTENANCE_FUEL_MILEAGE
559969918	0x2160767e	TYPE_ENGINE_OIL_HEALTH
559969930	0x2160768a	TRIP_DI_AVG_FUEL_CONSUMPTION
559972405	0x21608035	S
559972439	0x21608057	D
559972443	0x2160805b	V
561017930	0x2170744a	VENDOR_MEDIA_PLAY_INFO
561017931	0x2170744b	VENDOR_MEDIA_STATUS_INFO
561017932	0x2170744c	VENDOR_MEDIA_COVER_INFO
561017933	0x2170744d	VENDOR_BT_CALL_INFO
561017934	0x2170744e	VENDOR_BT_CALL_COVER_INFO
561017935	0x2170744f	VENDOR_NAVI_TBT_INFO
561017936	0x21707450	VENDOR_NAVI_TBT_NEXT_INFO
561017937	0x21707451	VENDOR_NAVI_ETA_INFO
561017938	0x21707452	VENDOR_NAVI_LANE_INFO
561018121	0x21707509	VENDOR_VOLUME_LEVEL_INFO
561018122	0x2170750a	VENDOR_TIME_SYNC_INFO
561018125	0x2170750d	VENDOR_PROJECTION_SCREEN_REQ
561018126	0x2170750e	VENDOR_PROJECTION_SCREEN_INFO
561018138	0x2170751a	VENDOR_BOOK_CHARGING_TIME_INFO
561018279	0x217075a7	CARCONFIG_LESS_THAN_1000
561018280	0x217075a8	CARCONFIG_GREATER_THAN_1000
561018479	0x2170766f	SETTING_FUNC_TCAM_LOG_INFO
561020928	0x21708000	PA_P
561020965	0x21708025	I
561020966	0x21708026	S
561020967	0x21708027	T
561020985	0x21708039	E
561020986	0x2170803a	H
561020987	0x2170803b	H
561020988	0x2170803c	E
561020989	0x2170803d	E
561020990	0x2170803e	E
561020994	0x21708042	H
561020995	0x21708043	H
561020996	0x21708044	E
561021004	0x2170804c	P
561021057	0x21708081	CB_C
561021092	0x217080a4	H
561021093	0x217080a5	H
561021094	0x217080a6	H
561021095	0x217080a7	H
561021096	0x217080a8	H
561021097	0x217080a9	H
561021098	0x217080aa	H
561021099	0x217080ab	H
568357877	0x21e073f5	CREATE_PROFILE_ACTION
568357878	0x21e073f6	REMOVE_PROFILE_ACTION
568357879	0x21e073f7	SWITCH_PROFILE_ACTION
568357880	0x21e073f8	APPLY_PROFILE_ACTION
568357881	0x21e073f9	BIND_PROFILE_ACTION
589328431	0x2320702f	SETTING_FUNC_WINDSCREEN_SERVICE_POSITION
589328432	0x23207030	SETTING_FUNC_AUTO_REAR_WIPING
589328726	0x23207156	BCM_FUNC_SUNROOF_TILT
606105636	0x24207024	SETTING_FUNC_MIRROR_AUTO_FOLDING
606105965	0x2420716d	BCM_FUNC_REAR_MIRROR_ADJUST
608203654	0x24407386	TRIP_DI_TOTAL_DURATION
608204155	0x2440757b	TRIP_GRAPH_RANGE_OPTION
610300678	0x24607306	TYPE_AVG_FUEL_CONSUMPTION
610300681	0x24607309	TYPE_AVG_ENERGY_CONSUMPTION
610300804	0x24607384	TRIP_DI_AVG_SPEED
610300805	0x24607385	TRIP_DI_TOTAL_DISTANCE
610366337	0x24617381	TRIP_DI_AVG_ELC_CONSUMPTION_ARRAY
610366338	0x24617382	TRIP_DI_AVG_FUEL_CONSUMPTION_ARRAY
622882817	0x25207001	WPC_FUNC_WORK_MODE
622882992	0x252070b0	HVAC_FUNC_ECO_SWITCH
622883367	0x25207227	SETTING_FUNC_EASY_INGRESS_EGRESS
622884132	0x25207524	SETTING_FUNC_ASD_SCREEN_BACKLIGHT_SWITCH
622884207	0x2520756f	SETTING_FUNC_RSD_SCREEN_BACKLIGHT_SWITCH
622884412	0x2520763c	HVAC_FUNC_AUTO_SEAT_VENTILATION_ICON
622884439	0x25207657	PROFILE_MEM_ADJUST_STATE
624979970	0x25407002	WPC_FUNC_CHARGE_STATES
624980149	0x254070b5	HVAC_FUNC_AUTO_SEAT_VENTILATION
624980419	0x254071c3	SETTING_FUNC_AMBIENCE_LIGHT_INTENSITY_SET
624980540	0x2540723c	SETTING_FUNC_SEAT_LEG_SUPPORT_HEIGHT
624980541	0x2540723d	SETTING_FUNC_SEAT_LEG_SUPPORT_LENGTH
624981230	0x254074ee	SENSOR_SEAT_BELT
624981248	0x25407500	SETTING_SEAT_OCCUPANCY_STATUS
624981260	0x2540750c	SETTING_FUNC_BRIGHTNESS
624981354	0x2540756a	SETTING_FUNC_SEAT_BACKREST_ANGLE_1_POS
624981518	0x2540760e	PROFILE_MEM_SAVE
624981519	0x2540760f	PROFILE_MEM_RESTORE
624981521	0x25407611	HVAC_FUNC_HEAT_VENTILATION_POP
624981562	0x2540763a	SETTING_FUNC_PROFILE_PREFERENCE
624981567	0x2540763f	PROFILE_RESET_TO_DEFAULT_PREFERENCE
624981573	0x25407645	CURRENT_SEAT_POSN
624981619	0x25407673	HVAC_RECIRC_ON_AUTO
627077677	0x2560722d	SETTING_FUNC_SEAT_LENGTH_POS
627077678	0x2560722e	SETTING_FUNC_SEAT_HEIGHT_POS
627077681	0x25607231	SETTING_FUNC_SEAT_CUSHION_TILT_POS
627077694	0x2560723e	SETTING_FUNC_SEAT_LEG_SUPPORT_HEIGHT_POS
627077695	0x2560723f	SETTING_FUNC_SEAT_LEG_SUPPORT_LENGTH_POS
639660434	0x26207192	SETTING_FUNC_DOOR_OPEN_WARN_ACTIVE
639660639	0x2620725f	SETTING_FUNC_P_GEAR_UNLOCK
641757787	0x2640725b	SETTING_FUNC_TRUNK_OPENING_POSITION
658535497	0x27407449	TIRE_WARNING
